filename,width,height,class,xmin,ymin,xmax,ymax
image440_jpg.rf.62e80568c20afe951baefbaaa4ba5816.jpg,640,640,Camouflage,332,359,615,624
image441_jpg.rf.dc39b90eda4188c050abf9ec9ebc492b.jpg,640,640,Human,116,226,196,465
image441_jpg.rf.dc39b90eda4188c050abf9ec9ebc492b.jpg,640,640,Human,180,237,263,487
image442_jpg.rf.420dd48b2047e05bdb6ac8e19e0776b5.jpg,640,640,Camouflage,176,214,605,505
image443_jpg.rf.18fd35206dd300b1e6d3eec85d3afb26.jpg,640,640,Camouflage,216,68,494,614
image444_jpg.rf.91f4910f121a216fe6a8372a6c843bef.jpg,640,640,Human,91,287,430,398
image445_jpg.rf.56651552c7be5c816cd616aba61b6229.jpg,640,640,Human,76,19,526,628
image447_jpg.rf.99e02a63c8fb1ceccd2aa416d4bdbfd5.jpg,640,640,Human,126,111,600,524
image449_jpg.rf.183fe9549ba48290ce8585bcaa6963c7.jpg,640,640,Camouflage,333,214,563,470
image450_jpg.rf.f6ef60b3baadbce6fe2ec5408c59af50.jpg,640,640,Human,9,333,130,515
image450_jpg.rf.f6ef60b3baadbce6fe2ec5408c59af50.jpg,640,640,Human,368,177,609,499
image452_jpg.rf.847125c48afbbcb8df871a49761d5eef.jpg,640,640,Human,96,177,511,542
image453_jpg.rf.af2d4d29630ebb6a96bc553aa8a8ff10.jpg,640,640,Human,276,180,447,411
image453_jpg.rf.af2d4d29630ebb6a96bc553aa8a8ff10.jpg,640,640,Human,441,221,560,341
image455_jpg.rf.d2d31441bf8976b8e1fb56e971246948.jpg,640,640,Human,185,140,566,547
image456_jpg.rf.180d9f35116c99f11521791991b26d2d.jpg,640,640,Human,94,97,490,613
image456_jpg.rf.180d9f35116c99f11521791991b26d2d.jpg,640,640,Human,289,73,582,443
image457_jpg.rf.f3e7db20ca423c0de0062c8280f56ddd.jpg,640,640,Camouflage,138,96,636,621
image458_jpg.rf.c7450686498bcb6caaf718a99df4d1f4.jpg,640,640,Human,33,73,286,624
image458_jpg.rf.c7450686498bcb6caaf718a99df4d1f4.jpg,640,640,Human,177,181,640,616
image459_jpg.rf.e3908cf170bbbec3f5dd2c811718e2d5.jpg,640,640,Camouflage,250,60,528,522
image45_jpg.rf.281deee2c8db1bd6341ebdd05fa4dc1d.jpg,640,640,Camouflage,1,202,587,540
image460_jpg.rf.48a07c67d4de300d4e95cf48b2ae9b05.jpg,640,640,Camouflage,106,179,392,543
image461_jpg.rf.73744400a89044333d477d266e783c98.jpg,640,640,Camouflage,45,52,402,614
image463_jpg.rf.ce62fcf0360912ebb3ea0bf13352a0af.jpg,640,640,Human,184,67,331,616
image464_jpg.rf.fb3ae6ca3143bf54ce06ec2a8990b8e4.jpg,640,640,Human,81,275,148,425
image464_jpg.rf.fb3ae6ca3143bf54ce06ec2a8990b8e4.jpg,640,640,Human,246,416,375,506
image464_jpg.rf.fb3ae6ca3143bf54ce06ec2a8990b8e4.jpg,640,640,Human,330,340,434,466
image464_jpg.rf.fb3ae6ca3143bf54ce06ec2a8990b8e4.jpg,640,640,Human,514,388,583,456
image465_jpg.rf.d31a32c9169ef030ebf87c6a0184e72f.jpg,640,640,Camouflage,328,167,434,533
image467_jpg.rf.ee0e411c7921f515a3d859247e47555b.jpg,640,640,Human,123,279,246,487
image468_jpg.rf.d3841486f240c42e272967de718f5eff.jpg,640,640,Camouflage,235,116,480,615
image469_jpg.rf.b7142ba5c29d2f157636fe03f9da209f.jpg,640,640,Camouflage,51,112,570,470
image46_jpg.rf.860ba4a1f1cfda69b5cc31e4713746a9.jpg,640,640,Human,89,211,393,582
image46_jpg.rf.860ba4a1f1cfda69b5cc31e4713746a9.jpg,640,640,Human,326,11,514,407
image471_jpg.rf.3aa8064b07ac581786209edac3e3383f.jpg,640,640,Camouflage,120,101,636,560
image473_jpg.rf.a0b353481044141c4385993e6be4a4ae.jpg,640,640,Human,113,63,483,481
image475_jpg.rf.1f459af860eaad895173e8751ba206cd.jpg,640,640,Camouflage,163,43,428,622
image476_jpg.rf.d2204f334179dc5143961fa19c3d1e9f.jpg,640,640,Camouflage,393,260,446,340
image476_jpg.rf.d2204f334179dc5143961fa19c3d1e9f.jpg,640,640,Camouflage,471,223,539,311
image477_jpg.rf.981264a7194820ceebe790b7cf0b86ba.jpg,640,640,Human,101,180,514,452
image478_jpg.rf.404579eea535d253f2a47bcc0f0cd4b8.jpg,640,640,Human,124,151,521,603
image480_jpg.rf.102701f9e209d6daf85d36a2cbb43bf6.jpg,640,640,Human,341,141,429,311
image480_jpg.rf.102701f9e209d6daf85d36a2cbb43bf6.jpg,640,640,Human,250,125,583,507
image481_jpg.rf.c69d1f10694c852963aed27f91548fd4.jpg,640,640,Human,394,223,507,529
image481_jpg.rf.c69d1f10694c852963aed27f91548fd4.jpg,640,640,Camouflage,216,289,328,435
image483_jpg.rf.e3ccc51074ae6fa812c92809d21f1b78.jpg,640,640,Human,122,169,276,552
image484_jpg.rf.2e98cd64f88be4cd08198a1633b8a82e.jpg,640,640,Human,66,36,578,541
image485_jpg.rf.1126f6e889d09c370013a8fe02c67b63.jpg,640,640,Camouflage,1,184,185,511
image485_jpg.rf.1126f6e889d09c370013a8fe02c67b63.jpg,640,640,Camouflage,270,315,630,469
image486_jpg.rf.99f5823f8d983d8a3d4bdca7520485cb.jpg,640,640,Camouflage,47,216,321,632
image487_jpg.rf.9bbeb948dd637763c3a3819ad63ce819.jpg,640,640,Camouflage,106,153,576,625
image488_jpg.rf.3cde4fec0415d24ae4c6c6aabc9da7ab.jpg,640,640,Human,313,146,519,537
image489_jpg.rf.a3497234246a64ed6eb1d0d52c289275.jpg,640,640,Human,311,146,453,494
image489_jpg.rf.a3497234246a64ed6eb1d0d52c289275.jpg,640,640,Human,484,181,560,450
image48_jpg.rf.12357f84c8a2f141a2205eef86336c36.jpg,640,640,Human,120,107,243,528
image49_jpg.rf.b8187766f3eec77370eef492d85b451c.jpg,640,640,Human,163,146,534,505
image52_jpg.rf.4858a713f766d57f08d9b3ae39438665.jpg,640,640,Human,9,17,532,399
image53_jpg.rf.fbfbbb4926c2fabb24a65266391db13e.jpg,640,640,Human,192,4,595,616
image54_jpg.rf.52bd0bb2a86a53eee8424de1d14f0d8e.jpg,640,640,Human,173,74,574,594
image55_jpg.rf.7878c51bebfb9cb7e355f2d16b319bd4.jpg,640,640,Human,153,143,399,598
image55_jpg.rf.7878c51bebfb9cb7e355f2d16b319bd4.jpg,640,640,Human,46,87,306,570
image56_jpg.rf.bf24e831b8c70bb1f46275a1af413d95.jpg,640,640,Human,48,14,322,606
image571_jpg.rf.3a9461f46f01dc29b19aee01bf39e756.jpg,640,640,Human,362,38,606,605
image572_jpg.rf.b74a857051f07d44ae629830f7cc49c6.jpg,640,640,Human,11,4,626,616
image575_jpg.rf.08e40ba96e8778b0ec28faab2b974790.jpg,640,640,Human,103,67,418,484
image576_jpg.rf.7ab83a51b7ce750035a23797295d3bfb.jpg,640,640,Human,70,269,241,584
image576_jpg.rf.7ab83a51b7ce750035a23797295d3bfb.jpg,640,640,Human,238,274,394,567
image577_jpg.rf.f3e504e00fed6e21451e65acf7da4dd6.jpg,640,640,Human,155,252,246,469
image577_jpg.rf.f3e504e00fed6e21451e65acf7da4dd6.jpg,640,640,Human,270,251,360,366
image578_jpg.rf.7a3226548637415009d3e8e4cc999384.jpg,640,640,Human,116,201,226,511
image578_jpg.rf.7a3226548637415009d3e8e4cc999384.jpg,640,640,Human,375,184,507,522
image579_jpg.rf.60d42f4308de6527ae4f101c64f469d4.jpg,640,640,Camouflage,116,26,619,501
image57_jpg.rf.7e499dd8b8c1bc52a2123e4f33e0bf9d.jpg,640,640,Human,119,18,487,614
image581_jpg.rf.ffee5571337f695ed71f338d6c8c49b2.jpg,640,640,Human,79,184,213,467
image581_jpg.rf.ffee5571337f695ed71f338d6c8c49b2.jpg,640,640,Human,313,184,416,469
image582_jpg.rf.aeb3cd5a2d7b8937bc39c7634bcfa923.jpg,640,640,Camouflage,420,256,507,334
image584_jpg.rf.514e6451196edfe45a8d50553ee4b39d.jpg,640,640,Human,166,335,260,511
image584_jpg.rf.514e6451196edfe45a8d50553ee4b39d.jpg,640,640,Human,402,177,570,508
image586_jpg.rf.d2b5b20ba788e231784a8e7c5150c5a9.jpg,640,640,Camouflage,157,162,410,532
image587_jpg.rf.66d757a264c5695d26e52608cfb43019.jpg,640,640,Camouflage,136,14,499,618
image588_jpg.rf.9c07f27629a1b286974dcb2c42e628c3.jpg,640,640,Camouflage,79,10,521,620
image589_jpg.rf.0f2a3a2f61ec8aba08e315d356e17909.jpg,640,640,Camouflage,13,109,609,581
image58_jpg.rf.6c954a455ecfb6019c250a4bf6b793ee.jpg,640,640,Camouflage,185,77,433,467
image591_jpg.rf.25d886e1add166aee05216e4c585cfcf.jpg,640,640,Camouflage,238,84,490,593
image592_jpg.rf.4ad7321ef4931e0a8bd43358c14dfd6d.jpg,640,640,Camouflage,6,241,493,608
image592_jpg.rf.4ad7321ef4931e0a8bd43358c14dfd6d.jpg,640,640,Human,284,161,614,474
image593_jpg.rf.4e3229a96b93f256722f4ce15e045b83.jpg,640,640,Human,290,209,509,554
image594_jpg.rf.8ab4a5bc5213aa01bf7978162f560cd6.jpg,640,640,Camouflage,158,84,467,561
image598_jpg.rf.387b5d5b169bb5d49c574098405e8021.jpg,640,640,Camouflage,73,21,587,587
image599_jpg.rf.e008f35d661fd6d0c292ed714210ac20.jpg,640,640,Human,173,90,576,594
image59_jpg.rf.905774a4860920715071aeb014cd1dff.jpg,640,640,Camouflage,138,162,553,567
image5_jpg.rf.4715ef2ddc1df100dfd0daf6177ce683.jpg,640,640,Human,170,8,487,628
image600_jpg.rf.202671a032123259a1b275e75f961bbe.jpg,640,640,Camouflage,6,100,631,588
image61_jpg.rf.fbf997ce20512a7caab1daadec71d174.jpg,640,640,Human,143,21,580,560
image62_jpg.rf.d4c6f245725c0c8a55ea6125c389f43d.jpg,640,640,Camouflage,94,77,533,530
image632_jpg.rf.77b6306110d8be5757654321fb36018f.jpg,640,640,Camouflage,230,194,405,408
image635_jpg.rf.3eff89601355e1d55f4fdc5f10e2944c.jpg,640,640,Camouflage,26,6,518,601
image636_jpg.rf.922bcf5814275def0bf5f0015510b636.jpg,640,640,Camouflage,143,60,502,614
image637_jpg.rf.fca9f2ef0e54fe115ab98c644b38e083.jpg,640,640,Camouflage,58,2,412,616
image638_jpg.rf.fac7c495248ffa66c9be71d7281a590e.jpg,640,640,Camouflage,136,94,460,443
image639_jpg.rf.a57c1ff0c2e17832ba3201dcefb530e2.jpg,640,640,Camouflage,40,281,622,618
image639_jpg.rf.a57c1ff0c2e17832ba3201dcefb530e2.jpg,640,640,Camouflage,258,198,607,394
image639_jpg.rf.a57c1ff0c2e17832ba3201dcefb530e2.jpg,640,640,Camouflage,39,179,370,391
image639_jpg.rf.a57c1ff0c2e17832ba3201dcefb530e2.jpg,640,640,Camouflage,2,104,314,351
image639_jpg.rf.a57c1ff0c2e17832ba3201dcefb530e2.jpg,640,640,Camouflage,362,119,640,272
image640_jpg.rf.db4b513bd6a5c4ea98e0a87df8533f50.jpg,640,640,Human,277,175,467,534
image641_jpg.rf.ecd5c060596f3acca5c271070768110f.jpg,640,640,Human,326,67,470,332
image643_jpg.rf.111aff5f0107448d89c316c8713c35ea.jpg,640,640,Camouflage,245,172,413,426
image646_jpg.rf.1a0c28051c1df6da249eb1cfca57d2a3.jpg,640,640,Camouflage,195,182,568,432
image647_jpg.rf.8671a7efea8004bd83b84e1ad9717ce8.jpg,640,640,Camouflage,211,23,456,560
image649_jpg.rf.ceee33d51b2fe0b774d1cf81af075b5b.jpg,640,640,Camouflage,83,108,528,361
image64_jpg.rf.3285937b90c7906edfb40da63e852dcc.jpg,640,640,Camouflage,3,1,296,616
image651_jpg.rf.28bc668269145432eb2e5ac34ba62068.jpg,640,640,Human,285,170,486,551
image651_jpg.rf.28bc668269145432eb2e5ac34ba62068.jpg,640,640,Human,65,177,289,479
image653_jpg.rf.b06f3b0828c11c5bae4dac8562333a42.jpg,640,640,Human,24,8,536,606
image654_jpg.rf.0274584f6919de2c84fe5ea2b737faa6.jpg,640,640,Camouflage,180,50,478,623
image655_jpg.rf.6f29635da0fd331fdb62b56799f60eef.jpg,640,640,Camouflage,116,19,528,611
image656_jpg.rf.ef0acb0fb06207ea317564bb38233b16.jpg,640,640,Human,297,12,586,622
image657_jpg.rf.7669cfceb794f9f4c734027b77fcfd6a.jpg,640,640,Human,141,240,456,620
image657_jpg.rf.7669cfceb794f9f4c734027b77fcfd6a.jpg,640,640,Camouflage,3,8,199,628
image657_jpg.rf.7669cfceb794f9f4c734027b77fcfd6a.jpg,640,640,Camouflage,347,51,631,621
image658_jpg.rf.929130c24b36cf3251adaa0132d77174.jpg,640,640,Camouflage,116,33,523,582
image659_jpg.rf.8794f9878b03dccc34af28edb506ad8c.jpg,640,640,Camouflage,186,67,476,457
image65_jpg.rf.c2f4c8a088c788c3b5435fd870e371ae.jpg,640,640,Camouflage,118,83,378,572
image660_jpg.rf.47800ea06fa007c3e50b3d1063f941c6.jpg,640,640,Camouflage,56,8,609,598
image661_jpg.rf.8b8f30d9ece181b9d5d753c0d7477445.jpg,640,640,Camouflage,41,251,296,521
image661_jpg.rf.8b8f30d9ece181b9d5d753c0d7477445.jpg,640,640,Camouflage,372,262,578,523
image661_jpg.rf.8b8f30d9ece181b9d5d753c0d7477445.jpg,640,640,Camouflage,474,208,596,438
image662_jpg.rf.ac8589fc62eb033e7dea5e48130e862e.jpg,640,640,Camouflage,12,371,438,617
image665_jpg.rf.cf6a9b33a3afb6354cdadf7e94945237.jpg,640,640,Camouflage,53,246,534,460
image666_jpg.rf.e41c77c30387e10aae15c0db2220e42c.jpg,640,640,Camouflage,113,51,497,596
image668_jpg.rf.61fe9e23717df8d1f9d0e8ce20860f81.jpg,640,640,Camouflage,56,60,441,614
image669_jpg.rf.fcc12a80f4d90c42fe67fee263837ede.jpg,640,640,Camouflage,56,138,360,494
image66_jpg.rf.549f3c0405f0096d9638ca2f4bdbf069.jpg,640,640,Camouflage,156,90,403,572
image671_jpg.rf.48bb5ebf4621cf8e9925209f955d6514.jpg,640,640,Camouflage,146,257,233,457
image671_jpg.rf.48bb5ebf4621cf8e9925209f955d6514.jpg,640,640,Camouflage,239,209,365,457
image671_jpg.rf.48bb5ebf4621cf8e9925209f955d6514.jpg,640,640,Camouflage,357,233,480,445
image673_jpg.rf.ec5d01a9b61de68b375576a5c5814f07.jpg,640,640,Camouflage,14,81,184,576
image673_jpg.rf.ec5d01a9b61de68b375576a5c5814f07.jpg,640,640,Camouflage,174,37,407,632
image673_jpg.rf.ec5d01a9b61de68b375576a5c5814f07.jpg,640,640,Camouflage,396,131,620,615
image674_jpg.rf.a13e48e1ed5225ccc53ea40589db1218.jpg,640,640,Camouflage,291,19,536,461
image675_jpg.rf.13061c1ee66dd69e6d85c2dd8db9104f.jpg,640,640,Camouflage,1,18,595,593
image676_jpg.rf.a450c5bf7bbf2024a65026643bd8169b.jpg,640,640,Camouflage,200,156,390,398
image676_jpg.rf.a450c5bf7bbf2024a65026643bd8169b.jpg,640,640,Camouflage,380,119,560,336
image677_jpg.rf.6f822fe3ea2eff2d6d3175d7f812d4c1.jpg,640,640,Camouflage,24,241,402,544
image678_jpg.rf.c806d4d5cbabfb22136680b8fde2fdca.jpg,640,640,Camouflage,70,326,424,564
image679_jpg.rf.b6cfb85f79a328db15c46f8d5e18f76d.jpg,640,640,Camouflage,101,155,282,552
image679_jpg.rf.b6cfb85f79a328db15c46f8d5e18f76d.jpg,640,640,Human,350,87,500,319
image67_jpg.rf.fedef9a583ce029c46bc4203020801ee.jpg,640,640,Camouflage,1,24,623,598
image680_jpg.rf.e74723b8a371d66b5bba7cbe369194ab.jpg,640,640,Camouflage,33,41,472,384
image681_jpg.rf.53b720679c87ca4c38ca84ac302944ed.jpg,640,640,Camouflage,85,251,326,438
image683_jpg.rf.462d99da09f4daa9f1411474b2858f40.jpg,640,640,Human,91,28,480,533
image684_jpg.rf.ba1569ddbc8be9f47b3dbc9c6b4fe91a.jpg,640,640,Camouflage,39,26,599,620
image688_jpg.rf.3db6fb783adcded741384a88bca69b2d.jpg,640,640,Camouflage,8,41,486,614
image689_jpg.rf.f87f80928543913b7f9cd3f7db53fd4b.jpg,640,640,Human,165,112,423,597
image68_jpg.rf.b7bf66466bf285e38d6f1847f24d80f4.jpg,640,640,Human,187,153,560,504
image690_jpg.rf.7936f7b242e577355e77972ba6cdd93d.jpg,640,640,Human,339,146,624,611
image690_jpg.rf.7936f7b242e577355e77972ba6cdd93d.jpg,640,640,Human,260,112,465,484
image690_jpg.rf.7936f7b242e577355e77972ba6cdd93d.jpg,640,640,Camouflage,30,147,304,559
image69_jpg.rf.fe2b4119d45f5a21f6512c16506e92fe.jpg,640,640,Camouflage,80,164,520,449
image6_jpg.rf.03f86fe57489243a0e5ae63657639fd6.jpg,640,640,Camouflage,239,270,463,447
image70_jpg.rf.b27e4c1773c4e746bf03bffaf78be85d.jpg,640,640,Camouflage,128,140,316,488
image72_jpg.rf.7b9ead4173829a3519a67012096549d0.jpg,640,640,Human,53,83,395,615
image73_jpg.rf.1e564a782f9c9fc3fa09e1af75a3b1ca.jpg,640,640,Human,116,77,380,525
image74_jpg.rf.0e5275f8ee4195ca063f362a4d4bae02.jpg,640,640,Camouflage,143,87,372,572
image75_jpg.rf.73fe2120ab440067e77b4e4c70e2fedd.jpg,640,640,Camouflage,193,68,428,569
image76_jpg.rf.243c23c21ea2272af5b22357facaa0dc.jpg,640,640,Camouflage,1,302,575,472
image78_jpg.rf.9c0652473dcfaebd218558581f25d1c6.jpg,640,640,Camouflage,185,121,485,309
image796_jpg.rf.d67ac169a1abfe363aa81d70e10e5184.jpg,640,640,Camouflage,380,301,457,464
image799_jpg.rf.d078c2a3c472e1de065aa8fbfd16d682.jpg,640,640,Camouflage,55,60,418,613
image7_jpg.rf.52c28317892fa8007a4ef25151499efb.jpg,640,640,Human,228,137,395,564
image7_jpg.rf.52c28317892fa8007a4ef25151499efb.jpg,640,640,Human,424,125,612,597
image800_jpg.rf.e58c3d6604b925b6dc28d1902f468576.jpg,640,640,Camouflage,70,119,639,544
image803_jpg.rf.39345f58e7843300292c590bf26eb85e.jpg,640,640,Camouflage,43,150,374,604
image804_jpg.rf.aacfd0b89a29a9c1ce2112d8be7cfa6e.jpg,640,640,Camouflage,386,214,465,457
image805_jpg.rf.557d8663b91230ec036a054753d908d5.jpg,640,640,Camouflage,210,211,368,632
image806_jpg.rf.41278873f2e5a55ab61f0fbafa5b24b4.jpg,640,640,Camouflage,135,156,630,623
image808_jpg.rf.28945412f14c35c5c8a235f5c4c8f60b.jpg,640,640,Camouflage,282,62,325,142
image80_jpg.rf.75bdc75364e48241c9427242fe18ec37.jpg,640,640,Human,155,8,421,191
image80_jpg.rf.75bdc75364e48241c9427242fe18ec37.jpg,640,640,Human,263,165,629,544
image80_jpg.rf.75bdc75364e48241c9427242fe18ec37.jpg,640,640,Human,18,304,500,634
image810_jpg.rf.2a36efc4f24c1943a2988ebea7864194.jpg,640,640,Camouflage,275,51,329,144
image811_jpg.rf.1806021078302adb4879aee0f9e2ec2c.jpg,640,640,Camouflage,278,49,327,142
image813_jpg.rf.9a56b1e1507e48ddcde89a7118d9dc52.jpg,640,640,Camouflage,151,58,539,487
image814_jpg.rf.b617f85a0c1d734541665e700f55a02d.jpg,640,640,Camouflage,284,45,318,147
image815_jpg.rf.d1e8432ffea88db56f5ea32c76c34d92.jpg,640,640,Camouflage,216,213,328,296
image816_jpg.rf.ecc3af58bedec2fd129be137842d0368.jpg,640,640,Camouflage,230,211,329,309
image817_jpg.rf.64344e38d8bbda7f206a09d392b1d197.jpg,640,640,Human,29,106,593,622
image819_jpg.rf.4f642f764afbab5dbfab42e6ed8d4a8e.jpg,640,640,Camouflage,233,194,328,308
image81_jpg.rf.599ed206c67cfb2b5f7870186a41be4c.jpg,640,640,Human,2,36,631,623
image822_jpg.rf.763926d2dfd0956a78609eb6e00fedd3.jpg,640,640,Camouflage,268,197,326,399
image825_jpg.rf.e6170b2d15b0934f5b2aeb3bee8be5b9.jpg,640,640,Camouflage,253,265,341,396
image826_jpg.rf.f772afeb4344e75e516c8890e1f78e35.jpg,640,640,Camouflage,131,185,445,547
image827_jpg.rf.87f0c2238dc15ba7e7d41c0bd3b07748.jpg,640,640,Camouflage,257,269,343,384
image82_jpg.rf.d7afe8f706d74f1f9b5ed9b7a08d2691.jpg,640,640,Camouflage,189,313,321,406
image839_jpg.rf.5f8418e191402f50bed700454da3f4d7.jpg,640,640,Camouflage,343,289,434,557
image83_jpg.rf.876c508e0b3898d271d5ce22ada78ae5.jpg,640,640,Camouflage,203,221,378,413
image840_jpg.rf.dcf2a65d65142e7057b84177584f965b.jpg,640,640,Camouflage,348,252,429,555
image841_jpg.rf.1b4893fb61a8ffddbc9d6ed1f2283a66.jpg,640,640,Camouflage,150,246,297,457
image842_jpg.rf.79366bade703fdda8055ca5452457e24.jpg,640,640,Camouflage,350,201,433,560
image843_jpg.rf.9b4f3f9bde0da6b56ced0ab89fe460c8.jpg,640,640,Camouflage,347,170,423,560
image844_jpg.rf.0fb96161e8c9acdd9a60614d5f792659.jpg,640,640,Camouflage,339,162,419,557
image846_jpg.rf.63297bd44c99573d0943607e5e0bf1a1.jpg,640,640,Camouflage,292,207,478,504
image847_jpg.rf.f2f5bd33353cd71f53925632502cc34d.jpg,640,640,Camouflage,310,287,370,391
image849_jpg.rf.4202ff38186267c99303b85479e065c3.jpg,640,640,Human,183,119,375,613
image84_jpg.rf.58a0249f2b37f6bf179b645abce45f2e.jpg,640,640,Camouflage,203,243,330,406
image850_jpg.rf.857aa2993619f191593bc974cf34cdd4.jpg,640,640,Camouflage,362,143,453,572
image851_jpg.rf.530afe0e8a6f6b833f3453728751b946.jpg,640,640,Camouflage,355,154,453,570
image852_jpg.rf.023175834520e0903eeb3a376895caed.jpg,640,640,Camouflage,348,147,443,574
image853_jpg.rf.311d84cd7676150e129fe605be51c55b.jpg,640,640,Camouflage,348,134,441,581
image855_jpg.rf.bedc0dbfc30af93fbebc42abcaab1534.jpg,640,640,Camouflage,328,148,424,584
image856_jpg.rf.d31e52f55db00bcb16f4f66336609ed4.jpg,640,640,Camouflage,309,135,416,587
image859_jpg.rf.0c5886986b77f82e3e871cf2b670cb28.jpg,640,640,Camouflage,363,143,463,559
image860_jpg.rf.4b12431e1780be6b689facfd589bd3fc.jpg,640,640,Camouflage,116,36,540,617
image861_jpg.rf.144c564c4dfb3a2c1530b70990e80edd.jpg,640,640,Camouflage,143,247,238,509
image861_jpg.rf.144c564c4dfb3a2c1530b70990e80edd.jpg,640,640,Camouflage,231,181,336,508
image862_jpg.rf.82b5d1994e1d1608cab9e9fc53ea2f0e.jpg,640,640,Camouflage,183,241,293,467
image863_jpg.rf.c90d776b7e63d6ccd3fafa43e858658f.jpg,640,640,Camouflage,206,250,309,479
image866_jpg.rf.d97a10d08743781f36b15cef2f980795.jpg,640,640,Camouflage,226,102,322,484
image867_jpg.rf.38ceab969e147d9505e0a245589dc6d4.jpg,640,640,Camouflage,230,72,310,481
image86_jpg.rf.59b9ac4691f831b53732318d0e88c571.jpg,640,640,Camouflage,226,394,365,514
image877_jpg.rf.d9fb03ef885aee3e9316038c402596f7.jpg,640,640,Human,150,87,516,501
image879_jpg.rf.5814094c33c0c943388ea5f8d31ec814.jpg,640,640,Human,200,1,385,625
image879_jpg.rf.5814094c33c0c943388ea5f8d31ec814.jpg,640,640,Human,330,298,382,511
image881_jpg.rf.1029d75fe9afa8cbbd85a6093664089d.jpg,640,640,Human,65,45,455,620
image881_jpg.rf.1029d75fe9afa8cbbd85a6093664089d.jpg,640,640,Human,451,209,555,547
image881_jpg.rf.1029d75fe9afa8cbbd85a6093664089d.jpg,640,640,Human,409,185,460,370
image883_jpg.rf.a73d07561571385fb808d61d32fb701a.jpg,640,640,Human,300,37,639,617
image883_jpg.rf.a73d07561571385fb808d61d32fb701a.jpg,640,640,Human,223,204,360,511
image884_jpg.rf.47b8895c826778e768f9100f0628dada.jpg,640,640,Human,253,184,306,399
image884_jpg.rf.47b8895c826778e768f9100f0628dada.jpg,640,640,Human,348,174,421,394
image884_jpg.rf.47b8895c826778e768f9100f0628dada.jpg,640,640,Human,240,89,640,625
image89_jpg.rf.bd1931c84af5881069cc309706a3d1e3.jpg,640,640,Camouflage,203,325,363,496
image8_jpg.rf.eca3c5471d6457f302f2c11299a3a919.jpg,640,640,Human,177,92,470,545
image90_jpg.rf.210a6c61283834d267a021d26bcfbfa6.jpg,640,640,Human,28,1,503,606
image91_jpg.rf.005b1904751bc83fcf7c0558a7aa8227.jpg,640,640,Camouflage,226,284,370,516
image937_jpg.rf.a488c675edd7fe0e596315e7cbdf32c1.jpg,640,640,Human,6,148,390,444
image937_jpg.rf.a488c675edd7fe0e596315e7cbdf32c1.jpg,640,640,Human,287,144,566,406
image938_jpg.rf.509906f16dcc57641de050f29222c259.jpg,640,640,Human,278,201,636,607
image939_jpg.rf.7a69ce7e9b56a9747ed9f34eb83630fe.jpg,640,640,Human,2,45,587,586
image93_jpg.rf.78c363556e34fc45dc86b7ebdbef0f17.jpg,640,640,Camouflage,258,299,465,631
image942_jpg.rf.c886bbb8ff2fd19ff0a3a1241a4bfe5f.jpg,640,640,Camouflage,119,70,343,559
image943_jpg.rf.e9aac61954b9bebbef475984f5f81886.jpg,640,640,Camouflage,50,97,426,551
image944_jpg.rf.76879680c45aacfdbcd283c33ed72279.jpg,640,640,Human,319,240,406,477
image944_jpg.rf.76879680c45aacfdbcd283c33ed72279.jpg,640,640,Human,416,275,467,438
image944_jpg.rf.76879680c45aacfdbcd283c33ed72279.jpg,640,640,Human,478,283,519,408
image944_jpg.rf.76879680c45aacfdbcd283c33ed72279.jpg,640,640,Human,515,276,550,387
image945_jpg.rf.cca1fec083034afe3e2b364c70173022.jpg,640,640,Human,160,111,519,591
image946_jpg.rf.5f976897d0c72120698699de37123265.jpg,640,640,Camouflage,23,96,524,576
image947_jpg.rf.9bbffe764c8a4d74d230659aec6adf5c.jpg,640,640,Human,184,224,441,595
image947_jpg.rf.9bbffe764c8a4d74d230659aec6adf5c.jpg,640,640,Human,336,161,496,461
image948_jpg.rf.54960d3215e3d219cb2cd83a0ebb9308.jpg,640,640,Human,256,264,363,489
image949_jpg.rf.9460231392e440767c3a505c4891c11d.jpg,640,640,Human,139,318,193,473
image949_jpg.rf.9460231392e440767c3a505c4891c11d.jpg,640,640,Human,370,135,507,484
image950_jpg.rf.161b6aef659003f47ba82da8981528f2.jpg,640,640,Camouflage,326,304,503,554
image952_jpg.rf.bd687d22cbc21c9950b18a55597962ea.jpg,640,640,Human,201,48,516,623
image953_jpg.rf.8d2549c09cbe361f567bbdaa1a2eb4be.jpg,640,640,Camouflage,306,311,360,389
image954_jpg.rf.c09168c8d4c26d7cd2b895da049abc81.jpg,640,640,Camouflage,313,284,377,386
image956_jpg.rf.c15a9e4eb95ce506749ac2f8a58da811.jpg,640,640,Camouflage,128,221,194,253
image957_jpg.rf.34646c881b0dec16ea947f1350f797b9.jpg,640,640,Camouflage,299,271,392,523
image958_jpg.rf.ea25dbe9014ecebe2156329f81d02af5.jpg,640,640,Human,76,23,639,614
image959_jpg.rf.3f9a9c063d3364cc45ae4dd4627ded88.jpg,640,640,Camouflage,150,228,226,258
image95_jpg.rf.af5a4ce40c4f7110e94afde71c99618f.jpg,640,640,Camouflage,231,284,377,497
image960_jpg.rf.6fbb414d76ca5d8efc832f2ca7d2e6cd.jpg,640,640,Camouflage,283,433,370,637
image962_jpg.rf.903e20b12abb2de10582c389d6456577.jpg,640,640,Human,186,162,636,620
image964_jpg.rf.19ceac9c433b16315c1ee67abbab2a9c.jpg,640,640,Human,180,129,348,234
image964_jpg.rf.19ceac9c433b16315c1ee67abbab2a9c.jpg,640,640,Human,126,238,278,441
image964_jpg.rf.19ceac9c433b16315c1ee67abbab2a9c.jpg,640,640,Human,56,160,560,622
image965_jpg.rf.6462899a7bd724c07fde3c7d7a02877e.jpg,640,640,Camouflage,147,347,343,491
image967_jpg.rf.c647fdea068a1857b190dd4157f0c094.jpg,640,640,Camouflage,131,355,353,515
image970_jpg.rf.95667b7d1b3d662d2e68fbe7ce6c362d.jpg,640,640,Human,272,275,292,341
image972_jpg.rf.48a3f668f4ef556a3f5ce4d11f965504.jpg,640,640,Human,277,287,294,335
image97_jpg.rf.2cf03c60a985bac2c5c82e7f9b5828d1.jpg,640,640,Camouflage,187,421,380,508
image98_jpg.rf.2ef2f67d8def3a927a3f400286cefeee.jpg,640,640,Camouflage,486,537,640,618
imgR145_jpg.rf.89925649c5bf9d18d043d8cb36144233.jpg,640,640,Human,199,33,633,616
imgR145_jpg.rf.89925649c5bf9d18d043d8cb36144233.jpg,640,640,Human,93,8,392,622
imgR147_jpg.rf.b177f7396b137ad3af04f5b6357e468c.jpg,640,640,Camouflage,316,121,634,477
imgR149_jpg.rf.bdf68e8b55328509c58e964126b1d20a.jpg,640,640,Camouflage,19,206,628,591
imgR150_jpg.rf.ac6641e837a971bc90354829091980df.jpg,640,640,Human,151,227,555,593
imgR151_jpg.rf.13a5cdd375e836d726cb2d8eee54248f.jpg,640,640,Human,166,68,467,615
imgR154_jpg.rf.cf9ffc4db4be3cebe744874156a16888.jpg,640,640,Human,160,39,548,594
imgR155_jpg.rf.3454079fdbbe17b208132235dfeddd89.jpg,640,640,Camouflage,221,33,545,618
imgR156_jpg.rf.4c7c8f7c5d69e4bfea4159bf1f27b5eb.jpg,640,640,Camouflage,164,97,563,615
imgR158_jpg.rf.b5e8a0cf0fb3d6ff373d377a52a891b4.jpg,640,640,Camouflage,1,24,605,611
imgR181_jpg.rf.1f0638cb3ecc751e7fb99cd3910f2325.jpg,640,640,Camouflage,207,136,539,545
imgR182_jpg.rf.bdffeaeb2776104e552b1e35b887a0fc.jpg,640,640,Camouflage,192,31,476,567
imgR183_jpg.rf.258ac6714026935b28b92c58339fa225.jpg,640,640,Camouflage,109,177,596,464
imgR184_jpg.rf.5da16bea53f4d30252e432da7f2733d4.jpg,640,640,Camouflage,55,11,400,616
imgR185_jpg.rf.948680015182cf2c7eed8571ba1619c1.jpg,640,640,Camouflage,118,11,502,624
imgR186_jpg.rf.05a57c56a3665c7ea73ee95a5bebaa12.jpg,640,640,Camouflage,31,2,611,614
imgR187_jpg.rf.909a70b4e8940cac7a87374208e366d2.jpg,640,640,Human,186,43,410,628
imgR189_jpg.rf.9febcda0460bcf35925bc756fae6e25e.jpg,640,640,Camouflage,4,14,636,623
imgR193_jpg.rf.5cd7afac17b241ac0e487a9286066e93.jpg,640,640,Human,164,26,422,623
imgR194_jpg.rf.9eb1dfc071560e206b74fa19559e6ea7.jpg,640,640,Human,147,37,550,606
imgR195_jpg.rf.e77fc1c352b51b7077769eecfe379fdc.jpg,640,640,Camouflage,26,75,619,617
imgR196_jpg.rf.2aaf7dad81848eab0e619c3ce59d025b.jpg,640,640,Camouflage,175,297,467,582
